Load Current(A),efficiency(%)
0.1483,40.54675332269475
0.2981,56.059670610445686
0.4482,64.29907459682367
0.5978,69.3160082539584
0.7482,72.33312843424335
0.8986,74.34943603719732
1.0479,75.91850534231209
1.1978,76.9816115738358
1.3479,78.07344682560178
1.4985,78.40597230838775
