Load Current(A),efficiency(%)
0.0988,23.355407858771972
0.1983,37.70893850748711
0.2981,47.45558522493893
0.3985,53.948755560470744
0.4985,58.2172749682989
0.5981,61.34478609186049
0.6984,63.86987668018915
0.798,65.89707951472406
0.8986,67.57180228881163
0.9979,68.92080476309627
