Load Current(A),efficiency(%)
0.0988,23.405626111967194
0.323,49.24006259010545
0.5486,60.038138657082605
0.7731,65.55159748388692
0.9981,69.08623964349984
