Load Current(A),efficiency(%)
0.0985,23.297165743860017
0.1981,37.69412677449955
0.2981,47.448879276538605
0.3985,53.91460399075005
0.4985,58.268621657478484
0.5978,61.7894488031886
0.6984,63.93846158914381
0.798,65.8667288168165
0.8986,67.625155515204
0.9979,68.993679096612
