Load Current(A),efficiency(%)
0.0985,23.299588414208387
0.9979,68.91694116037613
