Load Current(A),efficiency(%)
0.0985,23.281072435945976
0.9979,68.90640121343155
