Load Current(A),efficiency(%)
0.1483,40.50054403273353
1.4985,78.02138478510118
