Load Current(A),efficiency(%)
0.1483,40.5445185223537
1.4982,78.42885993542035
