Load Current(A),efficiency(%)
0.1485,40.699965415981445
0.4868,65.76964715003362
0.8231,73.67430747763277
1.1604,76.90946412642677
1.4985,78.84042927383602
