Load Current(A),efficiency(%)
0.1483,40.57104098106775
0.2981,56.13998137202342
0.4482,64.26777199724297
0.5981,69.275622241538
0.7482,72.35824543983868
0.8986,74.35762155745294
1.0479,75.96692804148259
1.1978,77.02999938135974
1.3479,78.0538599188594
1.4985,78.7929070356831
